image,list_number
1.jpg,347
2.jpg,347
3.jpg,197
4.jpg,347
5.jpg,347
6.jpg,347
7.jpg,197
8.jpg,197
9.jpg,197
10.jpg,197
11.jpg,197
12.jpg,197
13.jpg,197
14.jpg,197
15.jpg,197
16.jpg,197
17.jpg,197
18.jpg,197
19.jpg,197
20.jpg,197
21.jpg,197
22.jpg,197
23.jpg,197
24.jpg,350
25.jpg,350
26.jpg,350
27.jpg,350
28.jpg,350
29.jpg,350
30.jpg,350
31.jpg,350
32.jpg,458
33.jpg,458
34.jpg,286
35.jpg,286
36.jpg,350
37.jpg,350
38.jpg,350
39.jpg,350
40.jpg,360
41.jpg,360
42.jpg,350
43.jpg,350
44.jpg,350
45.jpg,350
46.jpg,350
47.jpg,350
48.jpg,350
49.jpg,350
50.jpg,300
51.jpg,300
52.jpg,315
53.jpg,315
54.jpg,350
55.jpg,350
56.jpg,350
57.jpg,350
58.jpg,350
59.jpg,350
60.jpg,350
61.jpg,350
62.jpg,350
63.jpg,350
64.jpg,350
65.jpg,350
66.jpg,350
67.jpg,350
68.jpg,350
69.jpg,350
70.jpg,320
71.jpg,320
72.jpg,345
73.jpg,345
74.jpg,405
75.jpg,405
76.jpg,350
77.jpg,350
78.jpg,350
79.jpg,350
80.jpg,350
81.jpg,350
82.jpg,350
83.jpg,350
84.jpg,350
85.jpg,350
86.jpg,350
87.jpg,350
88.jpg,350
89.jpg,350
90.jpg,350
91.jpg,350
92.jpg,350
93.jpg,350
94.jpg,350
95.jpg,350
96.jpg,350
97.jpg,350
98.jpg,350
99.jpg,350
100.jpg,350
101.jpg,350
102.jpg,350
103.jpg,350
104.jpg,350
105.jpg,350
106.jpg,350
107.jpg,350
108.jpg,350
109.jpg,350
110.jpg,350
111.jpg,350
112.jpg,350
113.jpg,350
114.jpg,350
115.jpg,350
116.jpg,352
117.jpg,352
118.jpg,350
119.jpg,350
120.jpg,350
121.jpg,350
122.jpg,365
123.jpg,365